,leiden,leiden_v7,cell_type_groups
ACACTGACAAGTTTGC-1-0,0,Hepatocytes,Stroma
AAGTACCAGCCTTTCC-1-0,3,Hepatocytes,Stroma
AAACCCAAGTAAACAC-1-0,4,B cells,B cells
AATAGAGCATCGCTGG-1-0,5,LSECs,Stroma
AAACCCAAGTTACTCG-1-0,6,NK cells,NK cells
AAACCCACAAGTTTGC-1-0,7,cDC2,Myeloid
AAACGCTAGACCAGAC-1-0,8,Hepatocytes,Stroma
AAACCCATCGATTCCC-1-0,9,Kupffer cells,Myeloid
AAACGCTCACCCAAGC-1-0,10,Cycling erythroid cells,Erythroid
AAAGAACTCAGCAGAG-1-0,11,Mast cells,Mast cells
AACCCAACATCATTGG-1-0,11,Pre pro B cells,B cells
AAACCCAAGGAACGCT-1-0,11,Early erythroid cells,Erythroid
ACTGCAAGTTGCTTGA-1-0,11,Cycling MEMPs,HSC/Progenitors
AAACCCAGTAGAATAC-1-0,11,MEMPs,HSC/Progenitors
AAACCCACACAGAGCA-1-0,12,Monocyte progenitors,Myeloid
AAAGGGCCAACTTCTT-1-0,12,Neutrophils,Myeloid
AACCACACAAACTAGA-1-0,12,Inflammatory macrophages,Myeloid
AGGAGGTGTCGTTATG-1-0,13,LSECs,Stroma
AAACCCACAGTCGGTC-1-0,14,Megakaryocytes,Megakaryocytes
AAACGAAGTTGCTTGA-1-0,15,Pre pro B cells,B cells
AAAGGTAAGGAGAGTA-1-0,15,Cycling MEMPs,HSC/Progenitors
AAAGGATAGCGGACAT-1-0,17,Early erythroid cells,Erythroid
AAATGGAAGCAAATGT-1-0,21,HSCs/MPPs,HSC/Progenitors
CGTGTCTAGCATAGGC-1-0,21,Granulocyte progenitors,HSC/Progenitors
AAAGGTAGTGCACGCT-1-0,21,Pre pro B cells,B cells
AAACCCATCCCTATTA-1-0,23,NK progenitors,NK cells
AAAGAACAGTAGGTTA-1-0,24,cDC2,Myeloid
AAACGAAGTAACAGTA-1-0,25,Pro B cells,B cells
AAACGAAAGTCAAGCG-1-0,25,B cells,B cells
AACAACCGTAATGCGG-1-0,27,Inflammatory macrophages,Myeloid
AAAGGTAAGGTGCAGT-1-0,29,Hepatocytes,Stroma
AAACGAAAGCTCTATG-1-0,30,pDCs,Myeloid
AAACCCATCTTCCCAG-1-0,31,NK cells,NK cells
AGAAGCGTCGCTACAA-1-0,37,Early erythroid cells,Erythroid
